Name;STATE;COUNTY;TRACT;GEOID;;;
100% Playground;36;47;97400;364797400;;;
174th Street Playground;36;5;6200;3656200;;;
227 Street Playground;36;5;40600;36540600;;;
Abe Lincoln;36;61;16900;366116900;;;
Abigail Playground;36;5;7900;3657900;;;
Agnes Haywood Playground;36;5;39000;36539000;;;
Albemarle Park;36;47;49800;364749800;;;
Albert J. Parham Playground;36;47;31300;364731300;;;
Alexander Hamilton Playground;36;61;25900;366125900;;;
Alfred E. Smith Park;36;61;2500;36612500;;;
Alice Kornegay Triangle;36;61;24200;366124200;;;
Allerton Playground;36;5;31800;36531800;;;
Alley Park (PS 213);36;81;137700;3681137700;;;
Alley Pond Park;36;81;128300;3681128300;;;
Alley Pond Park (Alley Athletic Field);36;81;156700;3681156700;;;
Alley Pond Park (Alley Pond Spring);36;81;137700;3681137700;;;
Alley Pond Park (Horatio Playground);36;81;138501;3681138501;;;
Alstyne Playground;36;81;41300;368141300;;;
American Playground;36;47;56500;364756500;;;
Ampere Playground (PS 64);36;81;4200;36814200;;;
Andrews Playground;36;81;701;3681701;;;
Annandale Playground (PS 175);36;81;72100;368172100;;;
Annunciation Park;36;61;21703;366121703;;;
Arcilla Playground;36;5;17500;36517500;;;
Arrochar Playground;36;85;2002;36852002;;;
Arrow Community Garden;36;81;5700;36815700;;;
Asser Levy;36;61;6200;36616200;;;
Asser Levy Park;36;47;35602;364735602;;;
Asser Levy Park (Performance Space);36;47;35602;364735602;;;
Astoria Heights Playground;36;81;14500;368114500;;;
Astoria Park (Charybdis Playground);36;81;9900;36819900;;;
Athens Sq (PS 17);36;81;7100;36817100;;;
Aubondale Playground;36;81;120701;3681120701;;;
Audubon Playground;36;61;25300;366125300;;;
Augustus St. Gaudens;36;61;6400;36616400;;;
Bailey Playground;36;5;28300;36528300;;;
Baisley Pond Park;36;81;28803;368128803;;;
Baisley Pond Park;36;81;30600;368130600;;;
Baisley Pond Park (157th Street Playground);36;81;27600;368127600;;;
Bartlett Playground;36;47;50700;364750700;;;
Battery Park (Battery Gardens);36;61;1300;36611300;;;
Battery Park Comfort Station;36;61;1300;36611300;;;
Bay Terrace Playground (PS 169);36;81;99704;368199704;;;
Bayside Fields;36;81;108500;3681108500;;;
Bayside Playground (JHS 180);36;81;93800;368193800;;;
Bayview Playground;36;47;103401;3647103401;;;
Bedford Playground;36;47;51700;364751700;;;
Behagen Playground;36;5;13100;36513100;;;
Bellaire Playground;36;81;49202;368149202;;;
Belmont Playground;36;5;37300;36537300;;;
Bendheim Playground;36;61;14300;366114300;;;
Bennett Park;36;61;27300;366127300;;;
Benson Playground;36;47;28400;364728400;;;
Bensonhurst Park;36;47;17000;364717000;;;
Betsy Head Playground;36;47;90200;364790200;;;
Betsy Head Playground (Administration Building);36;47;90200;364790200;;;
Big Bush Park;36;47;47700;364747700;;;
Bildersee Playground;36;47;31300;364731300;;;
Bill Brown Memorial Playground;36;47;59402;364759402;;;
Bleecker Playground;36;61;7700;36617700;;;
Blood Root Valley (Greenbelt Nature Center);36;85;27704;368527704;;;
Blood Root Valley (Park House);36;85;27704;368527704;;;
Bloomingdale Park;36;85;20803;368520803;;;
Bloomingdale Playground;36;61;18900;366118900;;;
Blue Heron Park Preserve (Nature Center);36;85;17600;368517600;;;
Bowne Park;36;81;104700;3681104700;;;
Bowne Playground;36;81;85300;368185300;;;
Breininger Park;36;81;162100;3681162100;;;
Breukelen Playground;36;47;98200;364798200;;;
Brevoort Playground;36;47;37900;364737900;;;
Bridge Park 2;36;47;2100;36472100;;;
Broadway Malls;36;61;19702;366119702;;;
Bronx Park (Ben Abrams Playground);36;5;22401;36522401;;;
Bronx Park (Brady Playground);36;5;23000;36523000;;;
Bronx Park (French Charley's Playground);36;5;41300;36541300;;;
Bronx Park (Olinville Playground);36;5;39600;36539600;;;
Bronx Park (Ranaqua);36;5;33400;36533400;;;
Bronx Park (River Park Playground);36;5;36100;36536100;;;
Bronx Park (Rosewood Playground);36;5;33400;36533400;;;
Bronx Park (Waring Playground);36;5;33201;36533201;;;
Bronx River Parkway (Parque de los Ninos);36;5;33400;36533400;;;
Brookville Park;36;81;65402;368165402;;;
Brower Park;36;47;33702;364733702;;;
Brower Park (Museum);36;47;33702;364733702;;;
Brownsville Playground;36;47;92000;364792000;;;
Bufano Playground;36;5;18400;36518400;;;
Bushwick Playground & Pool;36;47;39100;364739100;;;
Bushwick Playground & Pool;36;47;39500;364739500;;;
Cabbell Park/Cambria Playground;36;81;61000;368161000;;;
Cadman Plaza & Brooklyn War Memorial;36;47;1300;36471300;;;
Cadman Plaza & Brooklyn War Memorial;36;47;1300;36471300;;;
Campiz Playground;36;81;60300;368160300;;;
Canarsie Park;36;47;102802;3647102802;;;
Capt. Rivera Playground;36;5;7700;3657700;;;
Capt. Tilly Park;36;81;45400;368145400;;;
Captain Mario Fajardo Park;36;81;83700;368183700;;;
Carl Schurz Park;36;61;13604;366113604;;;
Carl Schurz Promenade;36;61;15401;366115401;;;
Carmansville Playground;36;61;23700;366123700;;;
Carroll Park;36;47;5302;36475302;;;
Carver Playground;36;47;37900;364737900;;;
Caserta Playground;36;5;22200;36522200;;;
Castle Hill Playground;36;5;22200;36522200;;;
Castlewood Playground (PS 186);36;81;155103;3681155103;;;
Cauldwell Playground;36;5;14100;36514100;;;
Cavanaugh Triangle (Angelo Campanero Playground);6;45;10100;64510100;;;
Cedar Playground;36;5;18900;36518900;;;
Central Park (Ancient Playground);36;61;14300;366114300;;;
Central Park (Arsenal);36;61;12200;366112200;;;
Central Park (Bethesda Terrace);36;61;23200;366123200;;;
Central Park (Conservatory Garden);36;61;17200;366117200;;;
Central Park (Dana Discovery Center);36;61;22400;366122400;;;
Central Park (Heckscher Playground);36;61;11000;366111000;;;
Central Park (Kerbs Boathouse);36;61;14300;366114300;;;
Central Park (Lasker);36;61;19300;366119300;;;
Central Park (Loeb Boathouse);36;61;13400;366113400;;;
Central Park (North Meadow Recreation Center);36;61;16002;366116002;;;
Central Park (Ramble);36;61;21600;366121600;;;
Central Park (Sheep Meadow;36;61;12200;366112200;;;
Central Park (Tavern on The Green);36;61;21600;366121600;;;
Central Park (Tennis Courts);36;61;15801;366115801;;;
Central Park (The Great Hill);36;61;19300;366119300;;;
Central Park (The Metropolitan Museum of Art);36;61;14300;366114300;;;
Central Park (West 61st);36;61;14300;366114300;;;
Central Park (Wollman Rink);36;61;2602;36612602;;;
Central Park Delacorte Comfort Station;36;61;14000;366114000;;;
Century Playground;36;47;36002;364736002;;;
Challenge Playground (PS 187) 251 Street Playground;36;81;152902;3681152902;;;
Chelsea Park;36;61;5800;36615800;;;
Chelsea Recreation Center;36;61;9901;36619901;;;
Cherry Tree (Washington) Playground;36;61;16600;366116600;;;
Chester Playground;36;47;92400;364792400;;;
Ciccarone Park Playground;36;5;38900;36538900;;;
City Line Park;36;47;119200;3647119200;;;
Claremont Park;36;5;22703;36522703;;;
Claremont Park Playground;36;5;22500;36522500;;;
Clark Playground;36;5;5100;3655100;;;
Clement Clark Moore Park;36;61;17100;366117100;;;
Clintonville Playground (JHS 194);36;81;102900;3681102900;;;
Col. Charles Young Playground;36;61;21400;366121400;;;
Col. David Marcus Memorial Playground;36;47;43800;364743800;;;
Coleman Square Playground;36;61;600;3661600;;;
College Point Park;36;81;90700;368190700;;;
Colucci Playground;36;5;30000;36530000;;;
Columbus Park;36;47;1100;36471100;;;
Columbus Park;36;61;3100;36613100;;;
Com. John Barry Park & Playground;36;47;48500;364748500;;;
Com. John Barry Park & Playground;36;47;48500;364748500;;;
Com. John Barry Park & Playground (Athletic Area);36;47;48500;364748500;;;
Comm. Eugene S. Sarsfield Playground;36;47;73800;364773800;;;
Coney Island;36;47;36200;364736200;;;
Coney Island;36;47;34200;364734200;;;
Coney Island;36;47;32800;364732800;;;
Coney Island Beach;36;47;44200;364744200;;;
Coney Island Beach;36;47;38200;364738200;;;
Coney Island Beach;36;47;34800;364734800;;;
Coney Island Beach;36;47;32600;364732600;;;
Conference House Park;36;85;13203;368513203;;;
Cooper Park;36;47;44902;364744902;;;
Corona Golf Playground;36;81;23502;368123502;;;
Corporal John A. Seravalli Playground;36;61;7900;36617900;;;
Corporal Thompson Park;36;85;13301;368513301;;;
Corporal Thompson Park/West Brighton Pool;36;85;13301;368513301;;;
Crocheron Park Field House;36;81;109300;3681109300;;;
Crotona Park (Martin Van Buren Playground);36;5;16300;36516300;;;
Crotona Park (Playground of the Stars);36;5;14702;36514702;;;
Crotona Park (Pool House);36;5;16500;36516500;;;
Crotona Park Environmental Center;36;5;36902;36536902;;;
Crowley Playground;36;81;49900;368149900;;;
Cunningham Park;36;81;128300;3681128300;;;
Cunningham Park (210th Street Playground);36;81;129103;3681129103;;;
Cunningham Park (HQ8);36;81;47801;368147801;;;
Cypress Hills Park;36;47;119600;3647119600;;;
Daniel M. O'Connell Playground;36;81;52200;368152200;;;
De Witt Clinton Park;36;61;11700;366111700;;;
Dematti Playground;36;85;800;3685800;;;
Detective Keith L. Williams Park;36;81;44400;368144400;;;
Devoe Park;36;5;26300;36526300;;;
Digilio Playground;36;47;47800;364747800;;;
Dimattina Playground;36;47;6300;36476300;;;
Ditmars Park Playground;36;81;31700;368131700;;;
Double Nickel Playground;36;85;15602;368515602;;;
Downing Street Playground;36;61;6700;36616700;;;
Dr. Charles R. Drew Memorial Park;36;81;18800;368118800;;;
Dr. Martin Luther King Jr. Park;36;47;115800;3647115800;;;
Dr. Richard Greene Playground;36;47;90800;364790800;;;
Drew Playground;36;5;14701;36514701;;;
Dry Dock Playground;36;61;2800;36612800;;;
Dugan Playground;36;85;12806;368512806;;;
Dutch Kills Playground (PS 112);36;81;5300;36815300;;;
Dyckman House Museum;36;61;29500;366129500;;;
Dyker Beach Park;36;47;19400;364719400;;;
East Elmhurst Playground (PS 127);36;81;35700;368135700;;;
East River Park (10th Street);36;61;16900;366116900;;;
East River Park (Tennis Courts);36;61;4500;36614500;;;
East River Park (Track Building);36;61;2400;36612400;;;
East River Playground;36;61;16200;366116200;;;
East Springfield Playground;36;81;55200;368155200;;;
Eastchester Playground;36;5;34800;36534800;;;
Edenwald Playground;36;5;46000;36546000;;;
Ederle Comfort Station;36;81;38302;368138302;;;
Edmonds Playground;36;47;18300;364718300;;;
Electric Playground;36;81;122703;3681122703;;;
Emerald Playground (PS 200);36;81;122703;3681122703;;;
Equity Park;36;81;1600;36811600;;;
Ethan Allen Playground;36;47;110400;3647110400;;;
Farm Playground;36;81;133300;3681133300;;;
Fermi Playground;36;47;42500;364742500;;;
Fisher Pool;36;81;36300;368136300;;;
Flushing Fields (Leonardo Ingravallo Playground);36;81;77905;368177905;;;
Flushing Meadows Corona Park (Albert H. Mauro Playground);36;81;77902;368177902;;;
Flushing Meadows Corona Park (Lawrence Playground);36;81;80301;368180301;;;
Flushing Meadows Corona Park (Meadow Lake North);36;81;38302;368138302;;;
Flushing Meadows Corona Park (Passerelle);36;81;38302;368138302;;;
Flushing Meadows Corona Park (Playground for All Children);36;81;38302;368138302;;;
Hansborough Recreation Center;36;61;21200;366121200;;;
Flushing Meadows Corona Park (Worlds Fair Playground);36;81;21200;368121200;;;
Flushing Meadows Corona Park (Zoo;36;81;38302;368138302;;;
Flynn Playground;36;5;7100;3657100;;;
Forest Park (Dry Harbour Playground);36;81;63500;368163500;;;
Forest Park (Jackson Pond Playground);36;81;64102;368164102;;;
Forest Park (Seuffert Bandshell);36;61;13400;366113400;;;
Forest Park (Sobelsohn Playground;36;81;77500;368177500;;;
Forest Park (Tennis Courts -Forest Parkway);36;81;64101;368164101;;;
Forest Park (The Overlook);36;81;61301;368161301;;;
Forest Park (Victory Field);36;81;124700;3681124700;;;
Forest Park (Visitor Center;36;81;64102;368164102;;;
Fort Greene Park;36;47;25300;364725300;;;
Fort Greene Playground;36;47;2901;36472901;;;
Fort Independence Playground;36;5;40900;36540900;;;
Fort Tryon Park (Anne Loftus Playground);36;61;29500;366129500;;;
Fort Tryon Park (Café);36;61;28700;366128700;;;
Fort Tryon Park (The Cloisters);36;61;28700;366128700;;;
Fort Washington Park (Lily Brown Playground);36;61;24301;366124301;;;
Fox Playground;36;47;67800;364767800;;;
Francis Lewis Playground;36;81;97300;368197300;;;
Frank D. O'Connor Playground;36;81;26700;368126700;;;
Frank Golden Park;36;81;80302;368180302;;;
Franz Sigel Park;36;5;6301;3656301;;;
Frederick B. Judge Memorial Playground;36;81;17000;368117000;;;
Frederick Douglass Playground;36;61;14300;366114300;;;
Frederick E. Samuel Playground;36;61;21703;366121703;;;
Frederick Johnson Park;36;61;23600;366123600;;;
Fresh Meadows Playground (PS 173);36;81;122300;3681122300;;;
Friends Field;36;47;44800;364744800;;;
Fulton Park;36;47;29700;364729700;;;
Galapo Playground;36;47;57600;364757600;;;
Garibaldi Playground;36;47;27600;364727600;;;
General Douglas MacArthur Park;36;61;8603;36618603;;;
Glenwood Playground;36;47;95000;364795000;;;
Gorman Playground;36;81;1200;36811200;;;
Gouverneur Playground;36;5;14701;36514701;;;
Gowanus Playground;36;47;7100;36477100;;;
Grandview Playground;36;85;31901;368531901;;;
Gravesend Park;36;47;47000;364747000;;;
Greencroft Playground (PS 53);36;85;13203;368513203;;;
Greene Playground;36;47;19700;364719700;;;
Greenwood Playground;36;47;45000;364745000;;;
Grove Hill Playground;36;5;6900;3656900;;;
Grover Cleveland Park;36;81;59501;368159501;;;
Gun Hill Playground;36;5;37200;36537200;;;
Gunn Park (PS 18);36;81;47801;368147801;;;
Haffen Park;36;5;35800;36535800;;;
Haffen Park;36;5;35800;36535800;;;
Haggerty Park;36;81;50000;368150000;;;
Hallets Cove Playground;36;81;8700;36818700;;;
Hamilton Fish Park (Recreation Center);36;61;3002;36613002;;;
Hamilton-Metz Field;36;47;107800;3647107800;;;
Hammel Playground;36;81;94203;368194203;;;
Happy Warrior Playground;36;61;18500;366118500;;;
Harold Schneiderman Playground (PS 232);36;81;6202;36816202;;;
Harris Park;36;5;40900;36540900;;;
Harry Maze Memorial Park;36;61;10601;366110601;;;
Hart Playground;36;81;27900;368127900;;;
Harvey Park;36;81;103300;3681103300;;;
Hattie Carthan Playground;36;47;25700;364725700;;;
Havemeyer Playground;36;5;7000;3657000;;;
Heckscher Playground;36;47;44100;364744100;;;
Henry Hudson Park;36;5;29301;36529301;;;
Herbert Von King Park;36;47;26300;364726300;;;
Herman Dolgon Playground;36;47;57000;364757000;;;
Hermon MacNeil Park;36;81;92500;368192500;;;
High Rock Park;36;85;27900;368527900;;;
High Rock Park (Education Building);36;85;27900;368527900;;;
High Rock Park (McArthur Park);36;85;27900;368527900;;;
High Rock Park (Visitor Center);36;85;27900;368527900;;;
Highbridge Park (Quisqueya Playground);36;61;26100;366126100;;;
Highbridge Park (Recreation Center);36;61;28700;366128700;;;
Highbridge Park (Wallenberg Playground);36;61;27700;366127700;;;
Highbridge Park-Wallenberg Playground;36;61;27700;366127700;;;
Highland Park;36;47;114202;3647114202;;;
Hoffman Park;36;81;47500;368147500;;;
Holcombe Rucker;36;61;23600;366123600;;;
Hollis Playground (JHS 192);36;81;51000;368151000;;;
Holy Cow Playground (PS 179);36;81;140902;3681140902;;;
Hoover Playground;36;81;22001;368122001;;;
Horace Harding Playground (PS 206);36;81;69500;368169500;;;
Horseshoe Playground;36;5;12901;36512901;;;
Howard Bennett Playground;36;61;14300;366114300;;;
Hunts Point Playground;36;5;11701;36511701;;;
Inwood Hill Park (Nature Center);36;61;29700;366129700;;;
Inwood Hill Park (Payson Playground);36;61;29700;366129700;;;
Inwood Hill Park (Tennis Courts);36;61;30300;366130300;;;
J. Hood Wright Park;36;61;25100;366125100;;;
J.J. Byrne Memorial Park;36;47;8200;36478200;;;
Jackie Robinson Park;36;47;37900;364737900;;;
Jackie Robinson Park;36;61;23100;366123100;;;
Jackie Robinson Park (Playground One Fifty Two CLII);36;61;23501;366123501;;;
Jackie Robinson Park (Recreation Center);36;61;23501;366123501;;;
Jackie Robinson Playground;36;47;32500;364732500;;;
Jacob Schiff Playground (PS 192);36;61;22301;366122301;;;
James J. Walker Park (Carmine Recreation Center);36;61;6900;36616900;;;
Jesse Owens Playground;36;47;28900;364728900;;;
John Golden Park;36;81;115100;3681115100;;;
John J. Carty Park;36;47;16200;364716200;;;
John Jay Park & Pool;36;61;14200;366114200;;;
John Paul Jones Park;36;47;16200;364716200;;;
Joline Pool Playground (Modular Equipment);36;85;24401;368524401;;;
Joline Pool Playground (Modular Equipment);36;85;24401;368524401;;;
Joseph Austin Playground;36;81;45200;368145200;;;
Joseph F. Mafera Park;36;81;58100;368158100;;;
Julio Carballo Field;36;5;9800;3659800;;;
Juniper Valley Park (North Playground Tennis);36;81;67100;368167100;;;
K.L. Williams Playground (Tennis);36;81;44400;368144400;;;
Kaiser Park;36;47;34800;364734800;;;
Katzman Playground;36;81;71100;368171100;;;
Kennedy King Playground;36;47;88200;364788200;;;
Kennedy Playground;36;81;109700;3681109700;;;
Kissena Corridor East (Underhill Playground);36;81;141700;3681141700;;;
Kissena Park;36;81;40302;368140302;;;
Kissena Park (Tennis Courts);36;81;119900;3681119900;;;
La Guardia Playground West;36;47;51900;364751900;;;
Lawerence Virgilio Playground;36;81;25100;368125100;;;
Leif Ericson Park & Square;39;35;106200;3935106200;;;
Levy Playground;36;85;20702;368520702;;;
Liberty Pool;36;81;44000;368144000;;;
Lincoln Terrace Park;36;47;35702;364735702;;;
Lincoln Terrace Park (Arthur S. Somers Playground);36;47;34901;364734901;;;
Linden Park;36;47;113200;3647113200;;;
Linden Park;36;81;40501;368140501;;;
Lindower Park;36;47;69800;364769800;;;
Little Flower Playground;36;61;600;3661600;;;
London Planetree Playground;36;81;3400;36813400;;;
Loreto Park Playground;36;5;25400;36525400;;;
Loring Field;36;81;84602;368184602;;;
Lost Battalion Hall;36;81;60300;368160300;;;
Lou Lodati Playground;36;81;18102;368118102;;;
Louis Armstrong Playground (PS 143);36;81;27900;368127900;;;
Louis Pasteur Park;36;81;150701;3681150701;;;
Lozada Playground;36;5;2300;3652300;;;
Luna Park Playground;36;47;35200;364735200;;;
Lyons Pool;36;85;2100;36852100;;;
Macombs Dam Park;36;5;14100;36514100;;;
Magenta Playground;36;5;37400;36537400;;;
Mahoney Playground;36;85;700;3685700;;;
Mapes Pool;36;5;37100;36537100;;;
Maple Playground;36;81;85300;368185300;;;
Marble Hill Playground;36;5;28900;36528900;;;
Marconi Park;36;81;25401;368125401;;;
Marc's & Jason's Playground;36;47;32900;364732900;;;
Marcus Garvey Park (Pelham Fritz Recreation Center);36;61;19800;366119800;;;
Marcus Garvey Park (Pool);36;61;19600;366119600;;;
Maria Hernandez Park;36;47;42900;364742900;;;
Marie Curie Park (JHS 158);36;81;145101;3681145101;;;
Marine Park;36;47;38800;364738800;;;
Marine Park Nature Center;36;47;66600;364766600;;;
Marion-Hopkinson Playground;36;47;37100;364737100;;;
Markham Playground;36;85;13800;368513800;;;
Martin Luther King Houses;36;61;18600;366118600;;;
Martinez Playground;36;47;50500;364750500;;;
Mathew Muliner Playground;36;5;23200;36523200;;;
Maurice A. Fitzgerald Playground;36;81;11600;368111600;;;
Maurice Park;36;81;51100;368151100;;;
May Matthews Playground;36;61;12101;366112101;;;
Mazzei Playground;36;5;32600;36532600;;;
McCaffrey Playground;36;61;14500;366114500;;;
McCarren Park;36;47;51700;364751700;;;
McDonald Playground;36;47;45000;364745000;;;
McDonald Playground;36;61;12500;366112500;;;
McKinley Park;36;47;13600;364713600;;;
McKinley Playground;36;61;3200;36613200;;;
McLaughlin Park;36;47;1300;36471300;;;
Mellett Playground;36;61;5200;36615200;;;
Metropolitan Pool;36;47;55300;364755300;;;
Michaelis-Bayswater Park;36;81;99200;368199200;;;
Midland Beach & Boardwalk;36;85;7002;36857002;;;
Midland Field;36;85;11203;368511203;;;
Midland Playground;36;85;11203;368511203;;;
Millbrook Playground;36;5;2701;3652701;;;
Monsignor Mcgolrick Park;36;47;58901;364758901;;;
Montbellier Park;36;81;32800;368132800;;;
Morningside Park;36;61;20901;366120901;;;
Morningside Park;36;61;19701;366119701;;;
Morningside Playground;36;61;19701;366119701;;;
Mosholu Playground (PS 8);36;5;42500;36542500;;;
Mott Playground;36;5;19700;36519700;;;
Msgnr. Kett;36;61;29100;366129100;;;
Mt. Prospect Park;36;47;20700;364720700;;;
Mullaly Park (Skate Building);36;5;6301;3656301;;;
Murray Playground;36;81;103;3681103;;;
Nautilus Playground;36;81;33401;368133401;;;
Nelson Playground;36;5;19900;36519900;;;
Newport Playground;36;47;91800;364791800;;;
Noble Playground;36;5;6000;3656000;;;
Noonan Playground;36;81;18502;368118502;;;
North Rochdale Playground (PS 30);36;81;28400;368128400;;;
Nostrand Playground;36;47;82800;364782800;;;
Ocean Hill Playground;36;47;36501;364736501;;;
Old Town Playground;36;85;6400;36856400;;;
Oracle Playground;36;47;18501;364718501;;;
Orchard Beach Pavilion;36;5;5001;3655001;;;
Orchard Beach Pavilion;36;5;5001;3655001;;;
Orville & Wilbur Playground;36;61;23501;366123501;;;
Osborn Playground;36;47;92200;364792200;;;
Owen Dolen Recreation Center;36;5;21601;36521601;;;
P.O. Nicholas Demutis Playground;36;81;9400;36819400;;;
P.O. Serrano Playground;36;5;9800;3659800;;;
Paerdegat Park;36;47;83400;364783400;;;
Painters Playground (PS 174);36;81;69702;368169702;;;
Park Slope Playground;36;47;31702;364731702;;;
Parkside Playground;36;5;33602;36533602;;;
Parkside Playground;36;47;79802;364779802;;;
Pat Perlato Playground;36;47;62000;364762000;;;
Paul W. Kolbert Park/Rachel Haber Cohen Playground;36;47;53800;364753800;;;
Pelham Bay Park (Bruckner Boulevard and Wilkinson Avenue);36;5;5001;3655001;;;
Pelham Bay Park (Bruckner CS);36;5;5001;3655001;;;
Pelham Bay Park (Hunter Island Picnic Area);36;5;5001;3655001;;;
Pelham Bay Park (Playground for All Children);36;5;27600;36527600;;;
Pelham South Park Headquarters;36;5;5001;3655001;;;
People's Park Playground;36;5;3900;3653900;;;
Peter's Field;36;81;40400;368140400;;;
PFC Thomas Norton Memorial Playground;36;47;64400;364764400;;;
Pierrepont Playground;36;47;301;3647301;;;
Pink Playground;36;47;122000;3647122000;;;
Playground 62 (PS 220);36;81;60300;368160300;;;
Playground 70;36;61;15900;366115900;;;
Playground 90/PS 148 Playground;36;81;33900;368133900;;;
Playground Fifty-Two;36;5;8500;3658500;;;
Playground Ninety Six (XCVI);36;61;15802;366115802;;;
Playground Seventy-Five (PS 154);36;81;125700;3681125700;;;
Police Officer Reinaldo Salgado Playground;36;47;38500;364738500;;;
Poor Richard's Playground;36;61;17200;366117200;;;
Potomac Playground;36;47;26700;364726700;;;
Pratt Playground;36;47;19300;364719300;;;
Prescott Playground;36;85;19800;368519800;;;
Prospect Park (East Parade Grounds);36;47;52600;364752600;;;
Prospect Park (Litchfield Villa);36;47;16500;364716500;;;
Prospect Park (Middle Long Meadow);36;47;17700;364717700;;;
Prospect Park (The Bandshell);36;47;14101;364714101;;;
Prospect Park (West Parade Grounds);36;47;44200;364744200;;;
Prospect Park (Willink Hill);36;47;32700;364732700;;;
Prospect Park (Willink Hill);36;47;32700;364732700;;;
Prospect Park (Wollman Rink & Flower Garden);36;47;17700;364717700;;;
PS 1 Playground;36;47;1803;36471803;;;
PS 155 Playground;36;61;11800;366111800;;;
PS 286 Playground;36;47;57200;364757200;;;
PS 59 Sumner Playground;36;81;55300;368155300;;;
Quarry Ballfields;36;5;37504;36537504;;;
Queens Farm Museum;36;81;157101;3681157101;;;
Queensbridge Park;36;81;124700;3681124700;;;
Railroad Playground;36;47;31300;364731300;;;
Rainey Park;36;5;12701;36512701;;;
Rainey Park;36;81;3900;36813900;;;
Randall Playground;36;5;9000;3659000;;;
Rappaport Playground;36;47;1803;36471803;;;
Real Good Park (Lie Playground);36;81;71900;368171900;;;
Red Hook Park;36;47;5302;36475302;;;
Red Hook Park;36;47;4500;36474500;;;
Red Hook Park (Coffey Park Playground);36;47;8500;36478500;;;
Red Hook Park (Recreation Center);36;47;5302;36475302;;;
Reiff Playground;36;81;59900;368159900;;;
Renaissance Playground;36;61;22700;366122700;;;
Rev. Polite Playground;36;5;13100;36513100;;;
Richman (Echo) Park Playground;36;5;38100;36538100;;;
Rienzi Playground;36;5;40600;36540600;;;
Riverbend Playground;36;5;27300;36527300;;;
Riverside Park (Boat Basin);36;61;21900;366121900;;;
Riverside Park (Café);36;61;22900;366122900;;;
Riverside Park (Claremont);36;61;20000;366120000;;;
Riverside Park (Classic Playground);36;61;22900;366122900;;;
Riverside Park (Dinosaur Playground);36;61;18300;366118300;;;
Riverside Park (Hippo Playground);36;61;17900;366117900;;;
Riverside Park (Neufeld Playground);36;61;16300;366116300;;;
Riverside Park (River Run Playground);36;61;17100;366117100;;;
Riverside Park (Riverbank Playground);36;61;22900;366122900;;;
Riverside Park (Ten Mile River Playground);36;61;23100;366123100;;;
Riverside Park (Tennis Courts);36;61;20500;366120500;;;
Robert Moses Playground;36;61;8000;36618000;;;
Rochdale Park;36;81;29400;368129400;;;
Rockaway Beach;36;81;88400;368188400;;;
Rockaway Beach;36;81;74500;368174500;;;
Rockaway Beach & Boardwalk (Beach 59th Street Playground);36;81;52500;368152500;;;
Rockaway Beach (Beach 116Th);36;81;16600;368116600;;;
Rockaway Beach 106 Comfort Station;36;81;93800;368193800;;;
Rockaway Beach 117th L/G;36;81;93402;368193402;;;
Rockaway Beach 86 Comfort Station;36;81;94202;368194202;;;
Rockaway Beach 97 Comfort Station;36;81;94201;368194201;;;
Rodney Playground South;36;47;54900;364754900;;;
Roebling Playground;36;47;53500;364753500;;;
Roger Morris Park (Morris Jumel Mansion);36;61;24301;366124301;;;
Rolf Henry Playground;36;47;80800;364780800;;;
Rose Hill Park;36;5;39700;36539700;;;
Rosemary's Playground (JHS 93);36;81;58900;368158900;;;
Roy Wilkins Recreation Center;36;81;124700;3681124700;;;
Roy Wilkins Recreation Center;36;81;124700;3681124700;;;
Rudd Playground;36;47;40500;364740500;;;
Rufus King Park;36;81;24000;368124000;;;
Russell Pederson Playground;36;47;15000;364715000;;;
Russell Sage Playground (JHS 190);36;81;71100;368171100;;;
Sara D. Roosevelt Park;36;61;3300;36613300;;;
Saratoga Square Park;36;47;37700;364737700;;;
Schmul Park;36;85;29102;368529102;;;
Seaside Playground (PS 225);36;81;93800;368193800;;;
Seth Low Playground;36;47;26600;364726600;;;
Seton Park;36;5;30100;36530100;;;
Seton Park Playground;36;5;30900;36530900;;;
Sheltering Arms Park;36;61;21303;366121303;;;
Sheltering Arms Park (Pool);36;61;21303;366121303;;;
Shore Road Park;36;47;3400;36473400;;;
Shore Road Park;36;47;62200;364762200;;;
Shore Road Park;36;47;31300;364731300;;;
Shore Road Park;36;47;8000;36478000;;;
Silver Lake Park;36;85;14700;368514700;;;
Slattery Playground;36;5;38301;36538301;;;
Slope Park;36;47;1801;36471801;;;
Smokey Oval;36;81;14202;368114202;;;
Sol Bloom Playground;36;61;17700;366117700;;;
Sol Lain Playground;36;61;202;3661202;;;
Soundview Park Playground;36;5;2001;3652001;;;
South Beach;36;85;7002;36857002;;;
South Beach (Saturn Playground);36;85;7002;36857002;;;
South Beach Wetlands;36;85;7002;36857002;;;
Space Time Playground;36;5;4200;3654200;;;
Sperandeo Brothers Playground;36;47;117000;3647117000;;;
Springfield Park;36;81;32000;368132000;;;
St Nicholas Park South;36;61;22400;366122400;;;
St. Albans Park (174 Street Playground);36;81;40000;368140000;;;
St. Andrew's Playground;36;47;114400;3647114400;;;
St. Catherine's Park;36;61;12200;366112200;;;
St. Mary's Park (Recreation Center);36;5;3700;3653700;;;
St. Mary's Park West;36;5;4300;3654300;;;
St. Mary's Playground East Playground;36;81;103900;3681103900;;;
St. Nicholas Park;36;61;21500;366121500;;;
St. Nicholas Park;36;61;21703;366121703;;;
St. Nicholas Park (Arlington Edinboro Playground);36;61;21703;366121703;;;
St. Vartan Park;36;61;8200;36618200;;;
Stanley Isaacs;36;61;16002;366116002;;;
Stapleton Playground;36;85;2700;36852700;;;
Star Spangled Banner Playground;36;47;25300;364725300;;;
Stars & Stripes Playground;36;5;48401;36548401;;;
Sternberg Park;36;47;49302;364749302;;;
Stockton Playground;36;47;25500;364725500;;;
Stroud Playground;36;47;21500;364721500;;;
Sunset Park;36;47;12801;364712801;;;
Sunset Park (Recreation Center);36;47;12801;364712801;;;
Surf Playground;36;47;34000;364734000;;;
Tall Oak Playground;36;81;55200;368155200;;;
Taylor Playground;36;5;21601;36521601;;;
Tecumseh Playground;36;61;16300;366116300;;;
Terrace Playground;36;85;4700;36854700;;;
The Pearly Gates;36;5;20200;36520200;;;
Thomas Jefferson Park;36;61;17800;366117800;;;
Tiffany Playground;36;5;12500;36512500;;;
Tiger Playground;36;47;41300;364741300;;;
Tilden Playground;36;47;85000;364785000;;;
Todt Hill Playground;36;85;17701;368517701;;;
Tompkins Square Park;36;61;3400;36613400;;;
Tremont Park Playground;36;5;39500;36539500;;;
Triborough Bridge Playground A;36;81;4500;36814500;;;
Triborough Bridge Playground B;36;81;7700;36817700;;;
Underhill Playground;36;47;20500;364720500;;;
Underwood Park;36;47;19700;364719700;;;
Union Playground (PS 214);36;81;88903;368188903;;;
Union Square Park;36;61;5000;36615000;;;
Van Cortlandt Park (Allen Shandler Recreation Area);36;5;43503;36543503;;;
Van Cortlandt Park (Classic Playground);36;5;43503;36543503;;;
Van Cortlandt Park (Indian Field);36;5;43503;36543503;;;
Van Cortlandt Park (Nature Center);36;5;29500;36529500;;;
Van Cortlandt Park (Pool Building);36;5;43503;36543503;;;
Van Cortlandt Park (Stables Area);36;5;34500;36534500;;;
Van Cortlandt Park (Stadium);36;5;43503;36543503;;;
Van Cortlandt Park (UC Pool Headquarters);36;5;43503;36543503;;;
Van Cortlandt Park (UC Pool Men's Locker);36;5;43503;36543503;;;
Van Cortlandt Park (Woodlawn Playground);36;5;29500;36529500;;;
Van Voorhees Lower Park;36;47;51300;364751300;;;
Vesuvio Playground;36;61;4900;36614900;;;
Vidalia Park;36;5;23501;36523501;;;
Vinmont Veteran Playground;36;5;32300;36532300;;;
Virginia Playground;36;5;22403;36522403;;;
Vleigh Place Playground;36;81;77903;368177903;;;
Vleigh Playground (PS 165);36;81;62100;368162100;;;
Wagner Pool;36;61;19600;366119600;;;
Wakefield Playground;36;5;41400;36541400;;;
Washington Hall Playground;36;47;19100;364719100;;;
Washington Square Park Western Half;36;61;6500;36616500;;;
Watson Gleason Playground;36;5;6800;3656800;;;
Wayanda Park;36;81;58200;368158200;;;
Webster Playground;36;5;14300;36514300;;;
Weeping Beech Park;36;81;86500;368186500;;;
West 2nd Street Comfort Station;36;47;37402;364737402;;;
West 59th Street Recreation Center & Pool;36;61;17100;366117100;;;
West 8nd Street CS;36;47;38600;364738600;;;
Whitestone Playground (PS 193);36;81;24000;368124000;;;
William E. Kelly Memorial Park;36;47;55600;364755600;;;
William Sheridan Playground;36;47;55100;364755100;;;
Williamsbridge Oval;36;5;41900;36541900;;;
Willis Playground;36;5;23800;36523800;;;
Willoughby Playground;36;47;25901;364725901;;;
Willow Lake Playground (PS 196);36;81;77902;368177902;;;
Willowbrook Park;36;85;18901;368518901;;;
Wingate Park;36;47;81000;364781000;;;
Woods Playground;36;47;30900;364730900;;;
Woodtree Playground;36;81;6100;36816100;;;
Yak Playground;36;47;57200;364757200;;;
Zimmerman Playground;36;5;33601;36533601;;;
;;;;;;;
;;;;;;;
;;;;;;;
;;;;;;;
;;;;;;;
;;;;;;;
;;;;;;;
;;;;;;;
;;;;;;;
;;;;;;;
;;;;;;;
;;;;;;;
;;;;;;;
;;;;;;;
;;;;;;;
;;;;;;;
;;;;;;;
;;;;;;;
;;;;;;;
;;;;;;;
;;;;;;;
;;;;;;;
;;;;;;;
;;;;;;;
;;;;;;;
;;;;;;;
;;;;;;;
;;;;;;;
;;;;;;;
;;;;;;;
;;;;;;;
;;;;;;;
;;;;;;;
;;;;;;;
;;;;;;;
;;;;;;;
;;;;;;;
;;;;;;;
;;;;;;;
;;;;;;;
;;;;;;;
;;;;;;;
;;;;;;;
;;;;;;;
;;;;;;;
;;;;;;;
;;;;;;;
;;;;;;;
;;;;;;;
;;;;;;;
;;;;;;;
;;;;;;;
;;;;;;;
;;;;;;;
;;;;;;;
;;;;;;;
;;;;;;;
;;;;;;;
;;;;;;;
;;;;;;;
;;;;;;;
;;;;;;;
;;;;;;;
;;;;;;;
;;;;;;;
;;;;;;;
;;;;;;;
;;;;;;;
;;;;;;;
;;;;;;;
;;;;;;;
;;;;;;;
;;;;;;;
;;;;;;;
;;;;;;;
;;;;;;;
;;;;;;;
;;;;;;;
;;;;;;;
;;;;;;;
;;;;;;;
;;;;;;;
;;;;;;;
;;;;;;;
;;;;;;;
;;;;;;;
;;;;;;;
;;;;;;;
;;;;;;;
;;;;;;;
;;;;;;;
;;;;;;;
;;;;;;;
;;;;;;;
;;;;;;;
;;;;;;;
;;;;;;;
;;;;;;;
;;;;;;;
;;;;;;;
;;;;;;;
;;;;;;;
;;;;;;;
;;;;;;;
;;;;;;;
;;;;;;;
;;;;;;;
;;;;;;;
;;;;;;;
;;;;;;;
;;;;;;;
;;;;;;;
;;;;;;;
;;;;;;;
;;;;;;;
;;;;;;;
;;;;;;;
;;;;;;;
;;;;;;;
;;;;;;;
;;;;;;;
;;;;;;;
;;;;;;;
;;;;;;;
;;;;;;;
;;;;;;;
;;;;;;;
;;;;;;;
;;;;;;;
;;;;;;;
;;;;;;;
;;;;;;;
;;;;;;;
;;;;;;;
;;;;;;;
;;;;;;;
;;;;;;;
;;;;;;;
;;;;;;;
;;;;;;;
;;;;;;;
;;;;;;;
;;;;;;;
;;;;;;;
;;;;;;;
;;;;;;;
;;;;;;;
;;;;;;;
;;;;;;;
;;;;;;;
;;;;;;;
;;;;;;;
;;;;;;;
;;;;;;;
;;;;;;;
;;;;;;;
;;;;;;;
;;;;;;;
;;;;;;;
;;;;;;;
;;;;;;;
;;;;;;;
;;;;;;;
;;;;;;;
;;;;;;;
;;;;;;;
;;;;;;;
;;;;;;;
;;;;;;;
;;;;;;;
;;;;;;;
;;;;;;;
;;;;;;;
;;;;;;;
;;;;;;;
;;;;;;;
;;;;;;;
;;;;;;;
;;;;;;;
;;;;;;;
;;;;;;;
;;;;;;;
;;;;;;;
;;;;;;;
;;;;;;;
;;;;;;;
;;;;;;;
;;;;;;;
;;;;;;;
;;;;;;;
;;;;;;;
;;;;;;;
;;;;;;;
;;;;;;;
;;;;;;;
;;;;;;;
;;;;;;;
;;;;;;;
;;;;;;;
;;;;;;;
;;;;;;;
;;;;;;;
;;;;;;;
;;;;;;;
;;;;;;;
;;;;;;;
;;;;;;;
;;;;;;;
;;;;;;;
;;;;;;;
;;;;;;;
;;;;;;;
;;;;;;;
;;;;;;;
;;;;;;;
;;;;;;;
;;;;;;;
;;;;;;;
;;;;;;;
;;;;;;;
;;;;;;;
;;;;;;;
;;;;;;;
;;;;;;;
;;;;;;;
;;;;;;;
;;;;;;;
;;;;;;;
;;;;;;;
;;;;;;;
;;;;;;;
;;;;;;;
;;;;;;;
;;;;;;;
;;;;;;;
;;;;;;;
;;;;;;;
;;;;;;;
;;;;;;;
;;;;;;;
;;;;;;;
;;;;;;;
;;;;;;;
;;;;;;;
;;;;;;;
;;;;;;;
;;;;;;;
;;;;;;;
;;;;;;;
;;;;;;;
;;;;;;;
;;;;;;;
;;;;;;;
;;;;;;;
;;;;;;;
;;;;;;;
;;;;;;;
;;;;;;;
;;;;;;;
;;;;;;;
;;;;;;;
;;;;;;;
;;;;;;;
;;;;;;;
;;;;;;;
;;;;;;;
;;;;;;;
;;;;;;;
;;;;;;;
;;;;;;;
;;;;;;;
;;;;;;;
;;;;;;;
;;;;;;;
;;;;;;;
;;;;;;;
;;;;;;;
;;;;;;;
;;;;;;;
;;;;;;;
;;;;;;;
;;;;;;;
;;;;;;;
;;;;;;;
;;;;;;;
;;;;;;;
;;;;;;;
;;;;;;;
;;;;;;;
;;;;;;;
;;;;;;;
;;;;;;;
;;;;;;;
;;;;;;;
;;;;;;;
;;;;;;;
;;;;;;;
;;;;;;;
;;;;;;;
;;;;;;;
;;;;;;;
;;;;;;;
;;;;;;;
;;;;;;;
;;;;;;;
;;;;;;;
;;;;;;;
;;;;;;;
;;;;;;;
;;;;;;;
;;;;;;;
;;;;;;;
;;;;;;;
;;;;;;;
;;;;;;;
;;;;;;;
;;;;;;;
;;;;;;;
;;;;;;;
;;;;;;;
;;;;;;;
;;;;;;;
;;;;;;;
;;;;;;;
;;;;;;;
;;;;;;;
;;;;;;;
;;;;;;;
;;;;;;;
;;;;;;;
;;;;;;;
;;;;;;;
;;;;;;;
;;;;;;;
;;;;;;;
;;;;;;;
;;;;;;;
;;;;;;;
;;;;;;;
;;;;;;;
;;;;;;;
;;;;;;;
;;;;;;;
;;;;;;;
;;;;;;;
;;;;;;;
;;;;;;;
;;;;;;;
;;;;;;;
;;;;;;;
;;;;;;;
;;;;;;;
;;;;;;;
;;;;;;;
;;;;;;;
;;;;;;;
;;;;;;;
;;;;;;;
;;;;;;;
;;;;;;;
;;;;;;;
;;;;;;;
;;;;;;;
;;;;;;;
;;;;;;;
;;;;;;;
;;;;;;;
;;;;;;;
;;;;;;;
;;;;;;;
;;;;;;;
;;;;;;;
;;;;;;;
;;;;;;;
;;;;;;;
;;;;;;;
;;;;;;;
;;;;;;;
;;;;;;;
;;;;;;;
;;;;;;;
;;;;;;;
;;;;;;;
;;;;;;;